CREATE DATABASE  IF NOT EXISTS `spartans_gamestore_dw` /*!40100 DEFAULT CHARACTER SET utf8mb4 COLLATE utf8mb4_0900_ai_ci */ /*!80016 DEFAULT ENCRYPTION='N' */;
USE `spartans_gamestore_dw`;
-- MySQL dump 10.13  Distrib 8.0.21, for Win64 (x86_64)
--
-- Host: localhost    Database: spartans_gamestore_dw
-- ------------------------------------------------------
-- Server version	8.0.21

/*!40101 SET @OLD_CHARACTER_SET_CLIENT=@@CHARACTER_SET_CLIENT */;
/*!40101 SET @OLD_CHARACTER_SET_RESULTS=@@CHARACTER_SET_RESULTS */;
/*!40101 SET @OLD_COLLATION_CONNECTION=@@COLLATION_CONNECTION */;
/*!50503 SET NAMES utf8 */;
/*!40103 SET @OLD_TIME_ZONE=@@TIME_ZONE */;
/*!40103 SET TIME_ZONE='+00:00' */;
/*!40014 SET @OLD_UNIQUE_CHECKS=@@UNIQUE_CHECKS, UNIQUE_CHECKS=0 */;
/*!40014 SET @OLD_FOREIGN_KEY_CHECKS=@@FOREIGN_KEY_CHECKS, FOREIGN_KEY_CHECKS=0 */;
/*!40101 SET @OLD_SQL_MODE=@@SQL_MODE, SQL_MODE='NO_AUTO_VALUE_ON_ZERO' */;
/*!40111 SET @OLD_SQL_NOTES=@@SQL_NOTES, SQL_NOTES=0 */;

--
-- Table structure for table `dim_customer`
--

DROP TABLE IF EXISTS `dim_customer`;
/*!40101 SET @saved_cs_client     = @@character_set_client */;
/*!50503 SET character_set_client = utf8mb4 */;
CREATE TABLE `dim_customer` (
  `Customer_key` int NOT NULL AUTO_INCREMENT,
  `customer_id` int DEFAULT NULL,
  `LastName` varchar(200) DEFAULT NULL,
  `FirstName` varchar(200) DEFAULT NULL,
  `Address` varchar(200) DEFAULT NULL,
  `Age` int DEFAULT NULL,
  `Email` varchar(200) DEFAULT NULL,
  PRIMARY KEY (`Customer_key`)
) ENGINE=InnoDB AUTO_INCREMENT=94 DEFAULT CHARSET=utf8mb4 COLLATE=utf8mb4_0900_ai_ci;
/*!40101 SET character_set_client = @saved_cs_client */;

--
-- Dumping data for table `dim_customer`
--

LOCK TABLES `dim_customer` WRITE;
/*!40000 ALTER TABLE `dim_customer` DISABLE KEYS */;
INSERT INTO `dim_customer` VALUES (1,1,'Sawyer','Thaddeus','AL',50,'pharetra.felis.eget@nulla.ca'),(2,2,'Hahn','Inga','AK',50,'Donec.felis.orci@Lorem.org'),(3,3,'Donovan','Maxine','AZ',50,'pede.nonummy@luctusfelispurus.net'),(4,4,'Richmond','Hayes','AR',52,'tempor@lacus.edu'),(5,5,'Mosley','Natalie','CA',23,'ornare.libero.at@Fuscedolorquam.com'),(6,6,'Mcclain','Bruno','CO',36,'a.auctor@faucibus.net'),(7,7,'Nicholson','Shaine','CT',28,'amet.risus@velarcuCurabitur.net'),(8,8,'Nunez','Tallulah','DE',47,'urna@semperauctorMauris.com'),(9,9,'Hubbard','Kay','FL',29,'ligula.consectetuer@etmalesuada.org'),(10,10,'Fowler','Hedley','GA',56,'augue.ac@gravidamauris.net'),(11,11,'Solomon','Quail','HI',57,'odio.sagittis.semper@atnisi.net'),(12,12,'Mason','Vera','ID',43,'ornare@ornare.com'),(13,13,'Koch','Neil','IL',50,'et.libero.Proin@duiCum.net'),(14,14,'Hudson','Yolanda','IN',44,'sem.egestas.blandit@sociisnatoque.net'),(15,15,'Gibbs','Gareth','IA',60,'volutpat@semvitae.co.uk'),(16,16,'Hahn','Gwendolyn','KS',24,'Pellentesque.ut.ipsum@non.co.uk'),(17,17,'Mcgowan','Ariel','OH',37,'malesuada@Phasellusnulla.com'),(18,18,'Warren','Reagan','OK',25,'mauris@Phasellusnulla.com'),(19,19,'Livingston','Desirae','OR',26,'est.Nunc.laoreet@Suspendissetristique.com'),(20,20,'Mcgee','Emerald','PA',25,'augue.porttitor@nibh.com'),(21,21,'Fisher','Kelly','RI',43,'lacus.Quisque@non.net'),(22,22,'Burnett','Jack','SC',57,'at.risus@Phaselluselit.net'),(23,23,'Gilmore','Levi','SD',53,'Sed@gravidanon.org'),(24,24,'Wilkerson','Nicole','TN',40,'tortor.Integer.aliquam@loremDonecelementum.co.uk'),(25,25,'Sexton','Zachery','TX',32,'tellus.justo.sit@blanditatnisi.edu'),(26,26,'Banks','Raymond','UT',47,'Suspendisse@Vivamus.edu'),(27,27,'Ochoa','Brady','VT',36,'enim.Etiam@lacusvarius.ca'),(28,29,'Tyler','Brent','WA',21,'at.iaculis@ipsumDonecsollicitudin.edu'),(29,30,'Davis','Tanisha','OH',33,'magna@auctornon.edu'),(30,31,'Hooper','Uriel','OK',26,'ac.fermentum@Donectemporest.net'),(31,32,'Silva','Noah','OR',55,'nunc.ac.mattis@ipsumprimisin.com'),(32,33,'Ferrell','Xena','PA',40,'mauris@rhoncusProin.com'),(33,34,'Sims','Blair','RI',50,'Ut@mi.net'),(34,36,'Mcconnell','Kirby','SD',35,'ac.metus.vitae@felis.co.uk'),(35,37,'Arnold','Desiree','TN',37,'eu.dui.Cum@arcuSed.edu'),(36,38,'Booth','Amity','TX',30,'accumsan.laoreet.ipsum@mauriserateget.edu'),(37,39,'Nielsen','Jamalia','UT',56,'Sed.et@disparturient.net'),(38,40,'Atkins','Salvador','VT',35,'posuere.at@justoProin.edu'),(39,41,'Zimmerman','Penelope','VA',26,'euismod.est.arcu@Cumsociisnatoque.edu'),(40,42,'Newton','Chandler','WA',24,'fringilla.mi@ultriciessem.ca'),(41,43,'Middleton','Kyla','AL',25,'montes@Aliquamgravidamauris.net'),(42,44,'Goodman','Austin','AK',43,'ullamcorper.viverra.Maecenas@tincidunt.edu'),(43,45,'Franks','Amity','AZ',52,'Curabitur.ut.odio@luctus.com'),(44,46,'Haney','Desirae','AR',59,'augue.porttitor@facilisi.ca'),(45,47,'Hahn','Demetrius','CA',52,'elementum.purus@arcuVestibulum.co.uk'),(46,48,'Gonzales','Kaseem','CO',31,'ornare.tortor.at@diam.org'),(47,50,'Nelson','Karleigh','DE',21,'quis.accumsan.convallis@duiSuspendisse.co.uk'),(48,51,'Blanchard','Remedios','FL',35,'semper@duiCumsociis.ca'),(49,52,'Heath','Tamekah','GA',39,'interdum@Aliquamtinciduntnunc.edu'),(50,53,'Cabrera','Drake','HI',47,'Cras.sed@massaIntegervitae.edu'),(51,54,'Alford','Murphy','ID',22,'augue.eu.tempor@enimEtiam.com'),(52,55,'Burns','Gareth','IL',43,'lacus.Cras@dignissimmagna.edu'),(53,56,'Mcmillan','Peter','IN',50,'tellus.Phasellus@Nuncacsem.ca'),(54,57,'Wynn','Price','IA',25,'tellus@Sed.edu'),(55,58,'Hawkins','Acton','KS',52,'dapibus.rutrum.justo@apurusDuis.org'),(56,59,'Mills','Aphrodite','KY',41,'Quisque.porttitor.eros@nibh.net'),(57,61,'Horne','Miriam','ME',49,'sem.egestas.blandit@Maecenaslibero.edu'),(58,63,'Noel','Carson','MA',33,'Nunc@euismod.net'),(59,64,'Burnett','Kylynn','MI',43,'ac.nulla.In@facilisis.net'),(60,65,'English','Marshall','MN',56,'Fusce.aliquet.magna@etultricesposuere.org'),(61,66,'Mcknight','Priscilla','MS',54,'molestie.dapibus@est.net'),(62,67,'Carrillo','Tarik','MO',38,'lectus.sit.amet@hendreritconsectetuercursus.edu'),(63,68,'Morris','Kane','MT',58,'at.lacus@Inat.edu'),(64,69,'Dennis','Rebekah','NE',37,'sed.libero.Proin@vulputateveliteu.org'),(65,70,'Gentry','Ria','NV',49,'nascetur.ridiculus@dapibus.org'),(66,71,'Graham','Hakeem','NH',36,'ac.nulla@tellussemmollis.ca'),(67,72,'Anderson','Eagan','NJ',24,'mi.lorem@DonecfringillaDonec.edu'),(68,73,'Castaneda','Dominique','NM',58,'non.arcu.Vivamus@odioNam.net'),(69,74,'Christian','Ayanna','NY',43,'fermentum@ipsumnon.net'),(70,75,'Patel','Ulysses','NC',37,'sit.amet@magna.co.uk'),(71,76,'Parks','Ian','ND',50,'Cras@Suspendissetristique.ca'),(72,77,'Morris','Nigel','ME',55,'Etiam.laoreet@egetmetus.ca'),(73,78,'Dunlap','Avram','MD',21,'eu.lacus.Quisque@semconsequat.co.uk'),(74,79,'Tyson','Fritz','MA',60,'vitae.mauris@liberoduinec.edu'),(75,81,'Hansen','Reese','MN',41,'dolor.Fusce@cursus.edu'),(76,83,'Saunders','Germaine','MO',26,'id.ante.Nunc@Cras.co.uk'),(77,84,'Odom','Jarrod','MT',60,'Mauris.eu.turpis@orci.net'),(78,85,'Barnett','Jermaine','NE',39,'montes.nascetur.ridiculus@facilisisSuspendisse.co.uk'),(79,86,'Craft','Upton','NV',53,'ipsum.nunc@dolorFusce.com'),(80,87,'Gates','Dorothy','NH',43,'Vivamus@Duis.ca'),(81,88,'Farmer','Jennifer','NJ',37,'ac.orci.Ut@ante.net'),(82,89,'Sanchez','Winter','NM',26,'luctus@leoVivamusnibh.edu'),(83,90,'Wiggins','Ariana','NY',57,'magna.Praesent.interdum@enim.net'),(84,91,'Burnett','Palmer','NC',20,'Mauris.vestibulum.neque@imperdiet.com'),(85,92,'Edwards','Maryam','ND',22,'Quisque@musAenean.ca'),(86,93,'Gonzalez','Wade','FL',34,'nisi.sem.semper@amet.ca'),(87,94,'Farmer','Chaney','GA',58,'mollis@lectusa.org'),(88,95,'West','Fallon','HI',21,'Maecenas.malesuada.fringilla@consequat.edu'),(89,96,'Boyd','Mercedes','ID',27,'ut.odio@arcu.ca'),(90,97,'Gilmore','Preston','IL',35,'elit.erat@consequat.org'),(91,98,'Berry','Mariam','IN',22,'Maecenas@a.net'),(92,99,'Rice','Oren','GA',47,'semper.et@quis.com'),(93,100,'Wooten','Dennis','HI',54,'ac@nonbibendum.co.uk');
/*!40000 ALTER TABLE `dim_customer` ENABLE KEYS */;
UNLOCK TABLES;

--
-- Table structure for table `dim_date`
--

DROP TABLE IF EXISTS `dim_date`;
/*!40101 SET @saved_cs_client     = @@character_set_client */;
/*!50503 SET character_set_client = utf8mb4 */;
CREATE TABLE `dim_date` (
  `date_key` int DEFAULT NULL,
  `datevalue` varchar(200) DEFAULT NULL
) ENGINE=InnoDB DEFAULT CHARSET=utf8mb4 COLLATE=utf8mb4_0900_ai_ci;
/*!40101 SET character_set_client = @saved_cs_client */;

--
-- Dumping data for table `dim_date`
--

LOCK TABLES `dim_date` WRITE;
/*!40000 ALTER TABLE `dim_date` DISABLE KEYS */;
INSERT INTO `dim_date` VALUES (1,'01/01/2017'),(2,'01/02/2017'),(3,'01/03/2017'),(4,'01/04/2017'),(5,'01/05/2017'),(6,'01/06/2017'),(7,'01/07/2017'),(8,'01/08/2017'),(9,'01/09/2017'),(10,'01/10/2017'),(11,'01/11/2017'),(12,'01/12/2017'),(13,'01/13/2017'),(14,'01/14/2017'),(15,'01/15/2017'),(16,'01/16/2017'),(17,'01/17/2017'),(18,'01/18/2017'),(19,'01/19/2017'),(20,'01/20/2017'),(21,'01/21/2017'),(22,'01/22/2017'),(23,'01/23/2017'),(24,'01/24/2017'),(25,'01/25/2017'),(26,'01/26/2017'),(27,'01/27/2017'),(28,'01/28/2017'),(29,'01/29/2017'),(30,'01/30/2017'),(31,'01/31/2017'),(32,'02/01/2017'),(33,'02/02/2017'),(34,'02/03/2017'),(35,'02/04/2017'),(36,'02/05/2017'),(37,'02/06/2017'),(38,'02/07/2017'),(39,'02/08/2017'),(40,'02/09/2017'),(41,'02/10/2017'),(42,'02/11/2017'),(43,'02/12/2017'),(44,'02/13/2017'),(45,'02/14/2017'),(46,'02/15/2017'),(47,'02/16/2017'),(48,'02/17/2017'),(49,'02/18/2017'),(50,'02/19/2017'),(51,'02/20/2017'),(52,'02/21/2017'),(53,'02/22/2017'),(54,'02/23/2017'),(55,'02/24/2017'),(56,'02/25/2017'),(57,'02/26/2017'),(58,'02/27/2017'),(59,'02/28/2017'),(60,'03/01/2017'),(61,'03/02/2017'),(62,'03/03/2017'),(63,'03/04/2017'),(64,'03/05/2017'),(65,'03/06/2017'),(66,'03/07/2017'),(67,'03/08/2017'),(68,'03/09/2017'),(69,'03/10/2017'),(70,'03/11/2017'),(71,'03/12/2017'),(72,'03/13/2017'),(73,'03/14/2017'),(74,'03/15/2017'),(75,'03/16/2017'),(76,'03/17/2017'),(77,'03/18/2017'),(78,'03/19/2017'),(79,'03/20/2017'),(80,'03/21/2017'),(81,'03/22/2017'),(82,'03/23/2017'),(83,'03/24/2017'),(84,'03/25/2017'),(85,'03/26/2017'),(86,'03/27/2017'),(87,'03/28/2017'),(88,'03/29/2017'),(89,'03/30/2017'),(90,'03/31/2017'),(91,'04/01/2017'),(92,'04/02/2017'),(93,'04/03/2017'),(94,'04/04/2017'),(95,'04/05/2017'),(96,'04/06/2017'),(97,'04/07/2017'),(98,'04/08/2017'),(99,'04/09/2017'),(100,'04/10/2017'),(101,'04/11/2017'),(102,'04/12/2017'),(103,'04/13/2017'),(104,'04/14/2017'),(105,'04/15/2017'),(106,'04/16/2017'),(107,'04/17/2017'),(108,'04/18/2017'),(109,'04/19/2017'),(110,'04/20/2017'),(111,'04/21/2017'),(112,'04/22/2017'),(113,'04/23/2017'),(114,'04/24/2017'),(115,'04/25/2017'),(116,'04/26/2017'),(117,'04/27/2017'),(118,'04/28/2017'),(119,'04/29/2017'),(120,'04/30/2017'),(121,'05/01/2017'),(122,'05/02/2017'),(123,'05/03/2017'),(124,'05/04/2017'),(125,'05/05/2017'),(126,'05/06/2017'),(127,'05/07/2017'),(128,'05/08/2017'),(129,'05/09/2017'),(130,'05/10/2017'),(131,'05/11/2017'),(132,'05/12/2017'),(133,'05/13/2017'),(134,'05/14/2017'),(135,'05/15/2017'),(136,'05/16/2017'),(137,'05/17/2017'),(138,'05/18/2017'),(139,'05/19/2017'),(140,'05/20/2017'),(141,'05/21/2017'),(142,'05/22/2017'),(143,'05/23/2017'),(144,'05/24/2017'),(145,'05/25/2017'),(146,'05/26/2017'),(147,'05/27/2017'),(148,'05/28/2017'),(149,'05/29/2017'),(150,'05/30/2017'),(151,'05/31/2017'),(152,'06/01/2017'),(153,'06/02/2017'),(154,'06/03/2017'),(155,'06/04/2017'),(156,'06/05/2017'),(157,'06/06/2017'),(158,'06/07/2017'),(159,'06/08/2017'),(160,'06/09/2017'),(161,'06/10/2017'),(162,'06/11/2017'),(163,'06/12/2017'),(164,'06/13/2017'),(165,'06/14/2017'),(166,'06/15/2017'),(167,'06/16/2017'),(168,'06/17/2017'),(169,'06/18/2017'),(170,'06/19/2017'),(171,'06/20/2017'),(172,'06/21/2017'),(173,'06/22/2017'),(174,'06/23/2017'),(175,'06/24/2017'),(176,'06/25/2017'),(177,'06/26/2017'),(178,'06/27/2017'),(179,'06/28/2017'),(180,'06/29/2017'),(181,'06/30/2017'),(182,'07/01/2017'),(183,'07/02/2017'),(184,'07/03/2017'),(185,'07/04/2017'),(186,'07/05/2017'),(187,'07/06/2017'),(188,'07/07/2017'),(189,'07/08/2017'),(190,'07/09/2017'),(191,'07/10/2017'),(192,'07/11/2017'),(193,'07/12/2017'),(194,'07/13/2017'),(195,'07/14/2017'),(196,'07/15/2017'),(197,'07/16/2017'),(198,'07/17/2017'),(199,'07/18/2017'),(200,'07/19/2017'),(201,'07/20/2017'),(202,'07/21/2017'),(203,'07/22/2017'),(204,'07/23/2017'),(205,'07/24/2017'),(206,'07/25/2017'),(207,'07/26/2017'),(208,'07/27/2017'),(209,'07/28/2017'),(210,'07/29/2017'),(211,'07/30/2017'),(212,'07/31/2017'),(213,'08/01/2017'),(214,'08/02/2017'),(215,'08/03/2017'),(216,'08/04/2017'),(217,'08/05/2017'),(218,'08/06/2017'),(219,'08/07/2017'),(220,'08/08/2017'),(221,'08/09/2017'),(222,'08/10/2017'),(223,'08/11/2017'),(224,'08/12/2017'),(225,'08/13/2017'),(226,'08/14/2017'),(227,'08/15/2017'),(228,'08/16/2017'),(229,'08/17/2017'),(230,'08/18/2017'),(231,'08/19/2017'),(232,'08/20/2017'),(233,'08/21/2017'),(234,'08/22/2017'),(235,'08/23/2017'),(236,'08/24/2017'),(237,'08/25/2017'),(238,'08/26/2017'),(239,'08/27/2017'),(240,'08/28/2017'),(241,'08/29/2017'),(242,'08/30/2017'),(243,'08/31/2017'),(244,'09/01/2017'),(245,'09/02/2017'),(246,'09/03/2017'),(247,'09/04/2017'),(248,'09/05/2017'),(249,'09/06/2017'),(250,'09/07/2017'),(251,'09/08/2017'),(252,'09/09/2017'),(253,'09/10/2017'),(254,'09/11/2017'),(255,'09/12/2017'),(256,'09/13/2017'),(257,'09/14/2017'),(258,'09/15/2017'),(259,'09/16/2017'),(260,'09/17/2017'),(261,'09/18/2017'),(262,'09/19/2017'),(263,'09/20/2017'),(264,'09/21/2017'),(265,'09/22/2017'),(266,'09/23/2017'),(267,'09/24/2017'),(268,'09/25/2017'),(269,'09/26/2017'),(270,'09/27/2017'),(271,'09/28/2017'),(272,'09/29/2017'),(273,'09/30/2017'),(274,'10/01/2017'),(275,'10/02/2017'),(276,'10/03/2017'),(277,'10/04/2017'),(278,'10/05/2017'),(279,'10/06/2017'),(280,'10/07/2017'),(281,'10/08/2017'),(282,'10/09/2017'),(283,'10/10/2017'),(284,'10/11/2017'),(285,'10/12/2017'),(286,'10/13/2017'),(287,'10/14/2017'),(288,'10/15/2017'),(289,'10/16/2017'),(290,'10/17/2017'),(291,'10/18/2017'),(292,'10/19/2017'),(293,'10/20/2017'),(294,'10/21/2017'),(295,'10/22/2017'),(296,'10/23/2017'),(297,'10/24/2017'),(298,'10/25/2017'),(299,'10/26/2017'),(300,'10/27/2017'),(301,'10/28/2017'),(302,'10/29/2017'),(303,'10/30/2017'),(304,'10/31/2017'),(305,'11/01/2017'),(306,'11/02/2017'),(307,'11/03/2017'),(308,'11/04/2017'),(309,'11/05/2017'),(310,'11/06/2017'),(311,'11/07/2017'),(312,'11/08/2017'),(313,'11/09/2017'),(314,'11/10/2017'),(315,'11/11/2017'),(316,'11/12/2017'),(317,'11/13/2017'),(318,'11/14/2017'),(319,'11/15/2017'),(320,'11/16/2017'),(321,'11/17/2017'),(322,'11/18/2017'),(323,'11/19/2017'),(324,'11/20/2017'),(325,'11/21/2017'),(326,'11/22/2017'),(327,'11/23/2017'),(328,'11/24/2017'),(329,'11/25/2017'),(330,'11/26/2017'),(331,'11/27/2017'),(332,'11/28/2017'),(333,'11/29/2017'),(334,'11/30/2017'),(335,'12/01/2017'),(336,'12/02/2017'),(337,'12/03/2017'),(338,'12/04/2017'),(339,'12/05/2017'),(340,'12/06/2017'),(341,'12/07/2017'),(342,'12/08/2017'),(343,'12/09/2017'),(344,'12/10/2017'),(345,'12/11/2017'),(346,'12/12/2017'),(347,'12/13/2017'),(348,'12/14/2017'),(349,'12/15/2017'),(350,'12/16/2017'),(351,'12/17/2017'),(352,'12/18/2017'),(353,'12/19/2017'),(354,'12/20/2017'),(355,'12/21/2017'),(356,'12/22/2017'),(357,'12/23/2017'),(358,'12/24/2017'),(359,'12/25/2017'),(360,'12/26/2017'),(361,'12/27/2017'),(362,'12/28/2017'),(363,'12/29/2017'),(364,'12/30/2017'),(365,'12/31/2017'),(366,'01/01/2018'),(367,'01/02/2018'),(368,'01/03/2018'),(369,'01/04/2018'),(370,'01/05/2018'),(371,'01/06/2018'),(372,'01/07/2018'),(373,'01/08/2018'),(374,'01/09/2018'),(375,'01/10/2018'),(376,'01/11/2018'),(377,'01/12/2018'),(378,'01/13/2018'),(379,'01/14/2018'),(380,'01/15/2018'),(381,'01/16/2018'),(382,'01/17/2018'),(383,'01/18/2018'),(384,'01/19/2018'),(385,'01/20/2018'),(386,'01/21/2018'),(387,'01/22/2018'),(388,'01/23/2018'),(389,'01/24/2018'),(390,'01/25/2018'),(391,'01/26/2018'),(392,'01/27/2018'),(393,'01/28/2018'),(394,'01/29/2018'),(395,'01/30/2018'),(396,'01/31/2018'),(397,'02/01/2018'),(398,'02/02/2018'),(399,'02/03/2018'),(400,'02/04/2018'),(401,'02/05/2018'),(402,'02/06/2018'),(403,'02/07/2018'),(404,'02/08/2018'),(405,'02/09/2018'),(406,'02/10/2018'),(407,'02/11/2018'),(408,'02/12/2018'),(409,'02/13/2018'),(410,'02/14/2018'),(411,'02/15/2018'),(412,'02/16/2018'),(413,'02/17/2018'),(414,'02/18/2018'),(415,'02/19/2018'),(416,'02/20/2018'),(417,'02/21/2018'),(418,'02/22/2018'),(419,'02/23/2018'),(420,'02/24/2018'),(421,'02/25/2018'),(422,'02/26/2018'),(423,'02/27/2018'),(424,'02/28/2018'),(425,'03/01/2018'),(426,'03/02/2018'),(427,'03/03/2018'),(428,'03/04/2018'),(429,'03/05/2018'),(430,'03/06/2018'),(431,'03/07/2018'),(432,'03/08/2018'),(433,'03/09/2018'),(434,'03/10/2018'),(435,'03/11/2018'),(436,'03/12/2018'),(437,'03/13/2018'),(438,'03/14/2018'),(439,'03/15/2018'),(440,'03/16/2018'),(441,'03/17/2018'),(442,'03/18/2018'),(443,'03/19/2018'),(444,'03/20/2018'),(445,'03/21/2018'),(446,'03/22/2018'),(447,'03/23/2018'),(448,'03/24/2018'),(449,'03/25/2018'),(450,'03/26/2018'),(451,'03/27/2018'),(452,'03/28/2018'),(453,'03/29/2018'),(454,'03/30/2018'),(455,'03/31/2018'),(456,'04/01/2018'),(457,'04/02/2018'),(458,'04/03/2018'),(459,'04/04/2018'),(460,'04/05/2018'),(461,'04/06/2018'),(462,'04/07/2018'),(463,'04/08/2018'),(464,'04/09/2018'),(465,'04/10/2018'),(466,'04/11/2018'),(467,'04/12/2018'),(468,'04/13/2018'),(469,'04/14/2018'),(470,'04/15/2018'),(471,'04/16/2018'),(472,'04/17/2018'),(473,'04/18/2018'),(474,'04/19/2018'),(475,'04/20/2018'),(476,'04/21/2018'),(477,'04/22/2018'),(478,'04/23/2018'),(479,'04/24/2018'),(480,'04/25/2018'),(481,'04/26/2018'),(482,'04/27/2018'),(483,'04/28/2018'),(484,'04/29/2018'),(485,'04/30/2018'),(486,'05/01/2018'),(487,'05/02/2018'),(488,'05/03/2018'),(489,'05/04/2018'),(490,'05/05/2018'),(491,'05/06/2018'),(492,'05/07/2018'),(493,'05/08/2018'),(494,'05/09/2018'),(495,'05/10/2018'),(496,'05/11/2018'),(497,'05/12/2018'),(498,'05/13/2018'),(499,'05/14/2018'),(500,'05/15/2018'),(501,'05/16/2018'),(502,'05/17/2018'),(503,'05/18/2018'),(504,'05/19/2018'),(505,'05/20/2018'),(506,'05/21/2018'),(507,'05/22/2018'),(508,'05/23/2018'),(509,'05/24/2018'),(510,'05/25/2018'),(511,'05/26/2018'),(512,'05/27/2018'),(513,'05/28/2018'),(514,'05/29/2018'),(515,'05/30/2018'),(516,'05/31/2018'),(517,'06/01/2018'),(518,'06/02/2018'),(519,'06/03/2018'),(520,'06/04/2018'),(521,'06/05/2018'),(522,'06/06/2018'),(523,'06/07/2018'),(524,'06/08/2018'),(525,'06/09/2018'),(526,'06/10/2018'),(527,'06/11/2018'),(528,'06/12/2018'),(529,'06/13/2018'),(530,'06/14/2018'),(531,'06/15/2018'),(532,'06/16/2018'),(533,'06/17/2018'),(534,'06/18/2018'),(535,'06/19/2018'),(536,'06/20/2018'),(537,'06/21/2018'),(538,'06/22/2018'),(539,'06/23/2018'),(540,'06/24/2018'),(541,'06/25/2018'),(542,'06/26/2018'),(543,'06/27/2018'),(544,'06/28/2018'),(545,'06/29/2018'),(546,'06/30/2018'),(547,'07/01/2018'),(548,'07/02/2018'),(549,'07/03/2018'),(550,'07/04/2018'),(551,'07/05/2018'),(552,'07/06/2018'),(553,'07/07/2018'),(554,'07/08/2018'),(555,'07/09/2018'),(556,'07/10/2018'),(557,'07/11/2018'),(558,'07/12/2018'),(559,'07/13/2018'),(560,'07/14/2018'),(561,'07/15/2018'),(562,'07/16/2018'),(563,'07/17/2018'),(564,'07/18/2018'),(565,'07/19/2018'),(566,'07/20/2018'),(567,'07/21/2018'),(568,'07/22/2018'),(569,'07/23/2018'),(570,'07/24/2018'),(571,'07/25/2018'),(572,'07/26/2018'),(573,'07/27/2018'),(574,'07/28/2018'),(575,'07/29/2018'),(576,'07/30/2018'),(577,'07/31/2018'),(578,'08/01/2018'),(579,'08/02/2018'),(580,'08/03/2018'),(581,'08/04/2018'),(582,'08/05/2018'),(583,'08/06/2018'),(584,'08/07/2018'),(585,'08/08/2018'),(586,'08/09/2018'),(587,'08/10/2018'),(588,'08/11/2018'),(589,'08/12/2018'),(590,'08/13/2018'),(591,'08/14/2018'),(592,'08/15/2018'),(593,'08/16/2018'),(594,'08/17/2018'),(595,'08/18/2018'),(596,'08/19/2018'),(597,'08/20/2018'),(598,'08/21/2018'),(599,'08/22/2018'),(600,'08/23/2018'),(601,'08/24/2018'),(602,'08/25/2018'),(603,'08/26/2018'),(604,'08/27/2018'),(605,'08/28/2018'),(606,'08/29/2018'),(607,'08/30/2018'),(608,'08/31/2018'),(609,'09/01/2018'),(610,'09/02/2018'),(611,'09/03/2018'),(612,'09/04/2018'),(613,'09/05/2018'),(614,'09/06/2018'),(615,'09/07/2018'),(616,'09/08/2018'),(617,'09/09/2018'),(618,'09/10/2018'),(619,'09/11/2018'),(620,'09/12/2018'),(621,'09/13/2018'),(622,'09/14/2018'),(623,'09/15/2018'),(624,'09/16/2018'),(625,'09/17/2018'),(626,'09/18/2018'),(627,'09/19/2018'),(628,'09/20/2018'),(629,'09/21/2018'),(630,'09/22/2018'),(631,'09/23/2018'),(632,'09/24/2018'),(633,'09/25/2018'),(634,'09/26/2018'),(635,'09/27/2018'),(636,'09/28/2018'),(637,'09/29/2018'),(638,'09/30/2018'),(639,'10/01/2018'),(640,'10/02/2018'),(641,'10/03/2018'),(642,'10/04/2018'),(643,'10/05/2018'),(644,'10/06/2018'),(645,'10/07/2018'),(646,'10/08/2018'),(647,'10/09/2018'),(648,'10/10/2018'),(649,'10/11/2018'),(650,'10/12/2018'),(651,'10/13/2018'),(652,'10/14/2018'),(653,'10/15/2018'),(654,'10/16/2018'),(655,'10/17/2018'),(656,'10/18/2018'),(657,'10/19/2018'),(658,'10/20/2018'),(659,'10/21/2018'),(660,'10/22/2018'),(661,'10/23/2018'),(662,'10/24/2018'),(663,'10/25/2018'),(664,'10/26/2018'),(665,'10/27/2018'),(666,'10/28/2018'),(667,'10/29/2018'),(668,'10/30/2018'),(669,'10/31/2018'),(670,'11/01/2018'),(671,'11/02/2018'),(672,'11/03/2018'),(673,'11/04/2018'),(674,'11/05/2018'),(675,'11/06/2018'),(676,'11/07/2018'),(677,'11/08/2018'),(678,'11/09/2018'),(679,'11/10/2018'),(680,'11/11/2018'),(681,'11/12/2018'),(682,'11/13/2018'),(683,'11/14/2018'),(684,'11/15/2018'),(685,'11/16/2018'),(686,'11/17/2018'),(687,'11/18/2018'),(688,'11/19/2018'),(689,'11/20/2018'),(690,'11/21/2018'),(691,'11/22/2018'),(692,'11/23/2018'),(693,'11/24/2018'),(694,'11/25/2018'),(695,'11/26/2018'),(696,'11/27/2018'),(697,'11/28/2018'),(698,'11/29/2018'),(699,'11/30/2018'),(700,'12/01/2018'),(701,'12/02/2018'),(702,'12/03/2018'),(703,'12/04/2018'),(704,'12/05/2018'),(705,'12/06/2018'),(706,'12/07/2018'),(707,'12/08/2018'),(708,'12/09/2018'),(709,'12/10/2018'),(710,'12/11/2018'),(711,'12/12/2018'),(712,'12/13/2018'),(713,'12/14/2018'),(714,'12/15/2018'),(715,'12/16/2018'),(716,'12/17/2018'),(717,'12/18/2018'),(718,'12/19/2018'),(719,'12/20/2018'),(720,'12/21/2018'),(721,'12/22/2018'),(722,'12/23/2018'),(723,'12/24/2018'),(724,'12/25/2018'),(725,'12/26/2018'),(726,'12/27/2018'),(727,'12/28/2018'),(728,'12/29/2018'),(729,'12/30/2018'),(730,'12/31/2018'),(731,'01/01/2019'),(732,'01/02/2019'),(733,'01/03/2019'),(734,'01/04/2019'),(735,'01/05/2019'),(736,'01/06/2019'),(737,'01/07/2019'),(738,'01/08/2019'),(739,'01/09/2019'),(740,'01/10/2019'),(741,'01/11/2019'),(742,'01/12/2019'),(743,'01/13/2019'),(744,'01/14/2019'),(745,'01/15/2019'),(746,'01/16/2019'),(747,'01/17/2019'),(748,'01/18/2019'),(749,'01/19/2019'),(750,'01/20/2019'),(751,'01/21/2019'),(752,'01/22/2019'),(753,'01/23/2019'),(754,'01/24/2019'),(755,'01/25/2019'),(756,'01/26/2019'),(757,'01/27/2019'),(758,'01/28/2019'),(759,'01/29/2019'),(760,'01/30/2019'),(761,'01/31/2019'),(762,'02/01/2019'),(763,'02/02/2019'),(764,'02/03/2019'),(765,'02/04/2019'),(766,'02/05/2019'),(767,'02/06/2019'),(768,'02/07/2019'),(769,'02/08/2019'),(770,'02/09/2019'),(771,'02/10/2019'),(772,'02/11/2019'),(773,'02/12/2019'),(774,'02/13/2019'),(775,'02/14/2019'),(776,'02/15/2019'),(777,'02/16/2019'),(778,'02/17/2019'),(779,'02/18/2019'),(780,'02/19/2019'),(781,'02/20/2019'),(782,'02/21/2019'),(783,'02/22/2019'),(784,'02/23/2019'),(785,'02/24/2019'),(786,'02/25/2019'),(787,'02/26/2019'),(788,'02/27/2019'),(789,'02/28/2019'),(790,'03/01/2019'),(791,'03/02/2019'),(792,'03/03/2019'),(793,'03/04/2019'),(794,'03/05/2019'),(795,'03/06/2019'),(796,'03/07/2019'),(797,'03/08/2019'),(798,'03/09/2019'),(799,'03/10/2019'),(800,'03/11/2019'),(801,'03/12/2019'),(802,'03/13/2019'),(803,'03/14/2019'),(804,'03/15/2019'),(805,'03/16/2019'),(806,'03/17/2019'),(807,'03/18/2019'),(808,'03/19/2019'),(809,'03/20/2019'),(810,'03/21/2019'),(811,'03/22/2019'),(812,'03/23/2019'),(813,'03/24/2019'),(814,'03/25/2019'),(815,'03/26/2019'),(816,'03/27/2019'),(817,'03/28/2019'),(818,'03/29/2019'),(819,'03/30/2019'),(820,'03/31/2019'),(821,'04/01/2019'),(822,'04/02/2019'),(823,'04/03/2019'),(824,'04/04/2019'),(825,'04/05/2019'),(826,'04/06/2019'),(827,'04/07/2019'),(828,'04/08/2019'),(829,'04/09/2019'),(830,'04/10/2019'),(831,'04/11/2019'),(832,'04/12/2019'),(833,'04/13/2019'),(834,'04/14/2019'),(835,'04/15/2019'),(836,'04/16/2019'),(837,'04/17/2019'),(838,'04/18/2019'),(839,'04/19/2019'),(840,'04/20/2019'),(841,'04/21/2019'),(842,'04/22/2019'),(843,'04/23/2019'),(844,'04/24/2019'),(845,'04/25/2019'),(846,'04/26/2019'),(847,'04/27/2019'),(848,'04/28/2019'),(849,'04/29/2019'),(850,'04/30/2019'),(851,'05/01/2019'),(852,'05/02/2019'),(853,'05/03/2019'),(854,'05/04/2019'),(855,'05/05/2019'),(856,'05/06/2019'),(857,'05/07/2019'),(858,'05/08/2019'),(859,'05/09/2019'),(860,'05/10/2019'),(861,'05/11/2019'),(862,'05/12/2019'),(863,'05/13/2019'),(864,'05/14/2019'),(865,'05/15/2019'),(866,'05/16/2019'),(867,'05/17/2019'),(868,'05/18/2019'),(869,'05/19/2019'),(870,'05/20/2019'),(871,'05/21/2019'),(872,'05/22/2019'),(873,'05/23/2019'),(874,'05/24/2019'),(875,'05/25/2019'),(876,'05/26/2019'),(877,'05/27/2019'),(878,'05/28/2019'),(879,'05/29/2019'),(880,'05/30/2019'),(881,'05/31/2019'),(882,'06/01/2019'),(883,'06/02/2019'),(884,'06/03/2019'),(885,'06/04/2019'),(886,'06/05/2019'),(887,'06/06/2019'),(888,'06/07/2019'),(889,'06/08/2019'),(890,'06/09/2019'),(891,'06/10/2019'),(892,'06/11/2019'),(893,'06/12/2019'),(894,'06/13/2019'),(895,'06/14/2019'),(896,'06/15/2019'),(897,'06/16/2019'),(898,'06/17/2019'),(899,'06/18/2019'),(900,'06/19/2019'),(901,'06/20/2019'),(902,'06/21/2019'),(903,'06/22/2019'),(904,'06/23/2019'),(905,'06/24/2019'),(906,'06/25/2019'),(907,'06/26/2019'),(908,'06/27/2019'),(909,'06/28/2019'),(910,'06/29/2019'),(911,'06/30/2019'),(912,'07/01/2019'),(913,'07/02/2019'),(914,'07/03/2019'),(915,'07/04/2019'),(916,'07/05/2019'),(917,'07/06/2019'),(918,'07/07/2019'),(919,'07/08/2019'),(920,'07/09/2019'),(921,'07/10/2019'),(922,'07/11/2019'),(923,'07/12/2019'),(924,'07/13/2019'),(925,'07/14/2019'),(926,'07/15/2019'),(927,'07/16/2019'),(928,'07/17/2019'),(929,'07/18/2019'),(930,'07/19/2019'),(931,'07/20/2019'),(932,'07/21/2019'),(933,'07/22/2019'),(934,'07/23/2019'),(935,'07/24/2019'),(936,'07/25/2019'),(937,'07/26/2019'),(938,'07/27/2019'),(939,'07/28/2019'),(940,'07/29/2019'),(941,'07/30/2019'),(942,'07/31/2019'),(943,'08/01/2019'),(944,'08/02/2019'),(945,'08/03/2019'),(946,'08/04/2019'),(947,'08/05/2019'),(948,'08/06/2019'),(949,'08/07/2019'),(950,'08/08/2019'),(951,'08/09/2019'),(952,'08/10/2019'),(953,'08/11/2019'),(954,'08/12/2019'),(955,'08/13/2019'),(956,'08/14/2019'),(957,'08/15/2019'),(958,'08/16/2019'),(959,'08/17/2019'),(960,'08/18/2019'),(961,'08/19/2019'),(962,'08/20/2019'),(963,'08/21/2019'),(964,'08/22/2019'),(965,'08/23/2019'),(966,'08/24/2019'),(967,'08/25/2019'),(968,'08/26/2019'),(969,'08/27/2019'),(970,'08/28/2019'),(971,'08/29/2019'),(972,'08/30/2019'),(973,'08/31/2019'),(974,'09/01/2019'),(975,'09/02/2019'),(976,'09/03/2019'),(977,'09/04/2019'),(978,'09/05/2019'),(979,'09/06/2019'),(980,'09/07/2019'),(981,'09/08/2019'),(982,'09/09/2019'),(983,'09/10/2019'),(984,'09/11/2019'),(985,'09/12/2019'),(986,'09/13/2019'),(987,'09/14/2019'),(988,'09/15/2019'),(989,'09/16/2019'),(990,'09/17/2019'),(991,'09/18/2019'),(992,'09/19/2019'),(993,'09/20/2019'),(994,'09/21/2019'),(995,'09/22/2019'),(996,'09/23/2019'),(997,'09/24/2019'),(998,'09/25/2019'),(999,'09/26/2019'),(1000,'09/27/2019'),(1001,'09/28/2019'),(1002,'09/29/2019'),(1003,'09/30/2019'),(1004,'10/01/2019'),(1005,'10/02/2019'),(1006,'10/03/2019'),(1007,'10/04/2019'),(1008,'10/05/2019'),(1009,'10/06/2019'),(1010,'10/07/2019'),(1011,'10/08/2019'),(1012,'10/09/2019'),(1013,'10/10/2019'),(1014,'10/11/2019'),(1015,'10/12/2019'),(1016,'10/13/2019'),(1017,'10/14/2019'),(1018,'10/15/2019'),(1019,'10/16/2019'),(1020,'10/17/2019'),(1021,'10/18/2019'),(1022,'10/19/2019'),(1023,'10/20/2019'),(1024,'10/21/2019'),(1025,'10/22/2019'),(1026,'10/23/2019'),(1027,'10/24/2019'),(1028,'10/25/2019'),(1029,'10/26/2019'),(1030,'10/27/2019'),(1031,'10/28/2019'),(1032,'10/29/2019'),(1033,'10/30/2019'),(1034,'10/31/2019'),(1035,'11/01/2019'),(1036,'11/02/2019'),(1037,'11/03/2019'),(1038,'11/04/2019'),(1039,'11/05/2019'),(1040,'11/06/2019'),(1041,'11/07/2019'),(1042,'11/08/2019'),(1043,'11/09/2019'),(1044,'11/10/2019'),(1045,'11/11/2019'),(1046,'11/12/2019'),(1047,'11/13/2019'),(1048,'11/14/2019'),(1049,'11/15/2019'),(1050,'11/16/2019'),(1051,'11/17/2019'),(1052,'11/18/2019'),(1053,'11/19/2019'),(1054,'11/20/2019'),(1055,'11/21/2019'),(1056,'11/22/2019'),(1057,'11/23/2019'),(1058,'11/24/2019'),(1059,'11/25/2019'),(1060,'11/26/2019'),(1061,'11/27/2019'),(1062,'11/28/2019'),(1063,'11/29/2019'),(1064,'11/30/2019'),(1065,'12/01/2019'),(1066,'12/02/2019'),(1067,'12/03/2019'),(1068,'12/04/2019'),(1069,'12/05/2019'),(1070,'12/06/2019'),(1071,'12/07/2019'),(1072,'12/08/2019'),(1073,'12/09/2019'),(1074,'12/10/2019'),(1075,'12/11/2019'),(1076,'12/12/2019'),(1077,'12/13/2019'),(1078,'12/14/2019'),(1079,'12/15/2019'),(1080,'12/16/2019'),(1081,'12/17/2019'),(1082,'12/18/2019'),(1083,'12/19/2019'),(1084,'12/20/2019'),(1085,'12/21/2019'),(1086,'12/22/2019'),(1087,'12/23/2019'),(1088,'12/24/2019'),(1089,'12/25/2019'),(1090,'12/26/2019'),(1091,'12/27/2019'),(1092,'12/28/2019'),(1093,'12/29/2019'),(1094,'12/30/2019'),(1095,'12/31/2019');
/*!40000 ALTER TABLE `dim_date` ENABLE KEYS */;
UNLOCK TABLES;

--
-- Table structure for table `dim_orders`
--

DROP TABLE IF EXISTS `dim_orders`;
/*!40101 SET @saved_cs_client     = @@character_set_client */;
/*!50503 SET character_set_client = utf8mb4 */;
CREATE TABLE `dim_orders` (
  `Order_key` int NOT NULL AUTO_INCREMENT,
  `order_id` int DEFAULT NULL,
  `Payment_type` varchar(200) DEFAULT NULL,
  `Quantity` int DEFAULT NULL,
  `Product_Unit_Price` double DEFAULT NULL,
  PRIMARY KEY (`Order_key`)
) ENGINE=InnoDB AUTO_INCREMENT=489 DEFAULT CHARSET=utf8mb4 COLLATE=utf8mb4_0900_ai_ci;
/*!40101 SET character_set_client = @saved_cs_client */;

--
-- Dumping data for table `dim_orders`
--

LOCK TABLES `dim_orders` WRITE;
/*!40000 ALTER TABLE `dim_orders` DISABLE KEYS */;
INSERT INTO `dim_orders` VALUES (1,229,'Debit Card',4,33.9),(2,3,'Cash',4,27.5),(3,247,'Cash',4,16.9),(4,229,'Debit Card',3,59.5),(5,229,'Debit Card',3,37.5),(6,247,'Cash',2,8.5),(7,229,'Debit Card',1,8.5),(8,247,'Cash',3,12.5),(9,110,'Cash',4,19.5),(10,11,'Cash',2,37.5),(11,179,'Debit Card',2,25.5),(12,15,'Debit Card',1,21),(13,230,'Credit Card',1,21),(14,179,'Debit Card',3,16.5),(15,141,'Cash',3,59.5),(16,68,'Debit Card',2,12.5),(17,227,'Cash',4,6.5),(18,163,'Debit Card',2,27.5),(19,281,'Credit Card',3,16.5),(20,146,'Cash',1,19.5),(21,245,'Credit Card',1,33.9),(22,245,'Credit Card',3,49.5),(23,245,'Credit Card',2,19.5),(24,245,'Credit Card',4,19.5),(25,135,'Credit Card',3,27.5),(26,20,'Cash',3,33.9),(27,45,'Debit Card',3,8.5),(28,5,'Cash',2,29.5),(29,39,'Debit Card',4,59.5),(30,53,'Credit Card',3,29.5),(31,121,'Cash',2,16.5),(32,23,'Debit Card',4,25.5),(33,285,'Cash',1,37.5),(34,17,'Cash',2,29.5),(35,285,'Cash',2,6.5),(36,194,'Cash',1,25.5),(37,194,'Cash',2,18.5),(38,148,'Credit Card',3,37.5),(39,237,'Cash',2,27.5),(40,195,'Debit Card',4,42.5),(41,237,'Cash',3,99.5),(42,260,'Cash',2,49.5),(43,237,'Cash',3,37.5),(44,195,'Debit Card',4,37.5),(45,195,'Debit Card',4,29.5),(46,237,'Cash',2,29.5),(47,195,'Debit Card',3,6),(48,296,'Debit Card',3,16.5),(49,37,'Credit Card',1,79.5),(50,296,'Debit Card',1,18.5),(51,193,'Credit Card',2,27.5),(52,197,'Debit Card',2,18.5),(53,193,'Credit Card',3,29.5),(54,193,'Credit Card',2,4.2),(55,215,'Debit Card',4,33.9),(56,215,'Debit Card',2,49.5),(57,157,'Debit Card',2,37.5),(58,31,'Debit Card',3,8.5),(59,215,'Debit Card',2,16.5),(60,215,'Debit Card',2,6.5),(61,111,'Debit Card',1,18.5),(62,290,'Debit Card',4,59.5),(63,183,'Credit Card',4,59.5),(64,183,'Credit Card',3,42.5),(65,290,'Debit Card',3,29.5),(66,290,'Debit Card',4,180),(67,189,'Credit Card',4,27.5),(68,125,'Debit Card',1,42.5),(69,189,'Credit Card',1,79.5),(70,147,'Cash',3,12.5),(71,189,'Credit Card',2,18.5),(72,57,'Credit Card',3,4.2),(73,283,'Cash',2,18.5),(74,283,'Cash',2,8.5),(75,219,'Credit Card',1,33.9),(76,219,'Credit Card',4,42.5),(77,208,'Debit Card',2,42.5),(78,177,'Debit Card',1,6.5),(79,78,'Cash',1,18.5),(80,216,'Debit Card',1,27.5),(81,184,'Debit Card',2,76.5),(82,184,'Debit Card',1,21),(83,159,'Cash',3,79.5),(84,216,'Debit Card',2,12.5),(85,216,'Debit Card',2,29.5),(86,184,'Debit Card',1,19.5),(87,282,'Debit Card',1,59.5),(88,120,'Cash',2,42.5),(89,282,'Debit Card',2,12.5),(90,104,'Credit Card',1,37.5),(91,210,'Cash',1,33.9),(92,210,'Cash',4,18.5),(93,46,'Cash',1,37.5),(94,126,'Cash',3,49.5),(95,220,'Debit Card',3,49.5),(96,224,'Cash',1,49.5),(97,220,'Debit Card',4,59.5),(98,210,'Cash',1,49.5),(99,94,'Cash',2,18.5),(100,84,'Credit Card',4,19.5),(101,266,'Credit Card',3,33.9),(102,34,'Debit Card',1,76.5),(103,266,'Credit Card',4,42.5),(104,266,'Credit Card',3,59.5),(105,255,'Cash',4,37.5),(106,161,'Credit Card',4,8.5),(107,64,'Credit Card',3,6.5),(108,266,'Credit Card',1,29.5),(109,90,'Credit Card',3,33.9),(110,93,'Credit Card',1,79.5),(111,24,'Cash',4,6.5),(112,269,'Credit Card',2,33.9),(113,269,'Credit Card',1,42.5),(114,269,'Credit Card',3,21),(115,264,'Credit Card',2,42.5),(116,138,'Debit Card',4,42.5),(117,269,'Credit Card',4,49.5),(118,269,'Credit Card',4,59.5),(119,269,'Credit Card',2,8.5),(120,264,'Credit Card',1,19.5),(121,264,'Credit Card',3,8.5),(122,269,'Credit Card',1,4.2),(123,264,'Credit Card',2,25.5),(124,44,'Cash',3,33.9),(125,205,'Cash',4,18.5),(126,257,'Cash',3,21),(127,109,'Debit Card',2,37.5),(128,86,'Cash',1,33.9),(129,258,'Debit Card',1,76.5),(130,279,'Cash',2,76.5),(131,279,'Cash',2,16.9),(132,258,'Debit Card',3,21),(133,7,'Cash',3,49.5),(134,279,'Cash',1,37.5),(135,279,'Cash',4,37.5),(136,231,'Debit Card',1,21),(137,231,'Debit Card',1,49.5),(138,158,'Debit Card',2,8.5),(139,164,'Credit Card',3,19.5),(140,231,'Debit Card',3,29.5),(141,55,'Credit Card',4,180),(142,52,'Debit Card',3,25.5),(143,256,'Cash',4,33.9),(144,293,'Debit Card',3,79.5),(145,265,'Credit Card',2,37.5),(146,185,'Credit Card',4,8.5),(147,185,'Credit Card',2,19.5),(148,265,'Credit Card',2,37.5),(149,293,'Debit Card',1,6.5),(150,60,'Credit Card',2,42.5),(151,169,'Debit Card',4,19.5),(152,35,'Debit Card',2,8.5),(153,202,'Cash',4,27.5),(154,192,'Debit Card',4,21),(155,129,'Debit Card',3,16.5),(156,192,'Debit Card',1,49.5),(157,192,'Debit Card',3,37.5),(158,134,'Credit Card',2,19.5),(159,13,'Credit Card',4,37.5),(160,202,'Cash',3,4.2),(161,202,'Cash',4,18.5),(162,288,'Debit Card',4,25.5),(163,124,'Debit Card',2,27.5),(164,244,'Cash',1,21),(165,244,'Cash',1,79.5),(166,128,'Debit Card',4,79.5),(167,199,'Debit Card',3,79.5),(168,83,'Debit Card',2,59.5),(169,261,'Cash',2,37.5),(170,267,'Credit Card',1,59.5),(171,268,'Credit Card',4,79.5),(172,263,'Cash',2,49.5),(173,267,'Credit Card',2,37.5),(174,92,'Debit Card',2,6.5),(175,267,'Credit Card',4,18.5),(176,6,'Cash',2,49.5),(177,187,'Cash',4,18.5),(178,28,'Cash',3,21),(179,187,'Cash',1,42.5),(180,187,'Cash',2,37.5),(181,187,'Cash',3,180),(182,118,'Debit Card',3,18.5),(183,49,'Credit Card',4,18.5),(184,251,'Cash',3,21),(185,251,'Cash',3,21),(186,251,'Cash',4,37.5),(187,165,'Cash',4,99.5),(188,251,'Cash',4,37.5),(189,251,'Cash',3,19.5),(190,162,'Credit Card',4,4.2),(191,115,'Credit Card',1,6),(192,297,'Credit Card',1,33.9),(193,48,'Credit Card',4,33.9),(194,297,'Credit Card',3,79.5),(195,27,'Cash',4,29.5),(196,173,'Cash',1,4.2),(197,113,'Cash',1,37.5),(198,212,'Cash',3,59.5),(199,70,'Cash',4,49.5),(200,233,'Debit Card',1,59.5),(201,233,'Debit Card',1,29.5),(202,233,'Debit Card',1,6.5),(203,233,'Debit Card',4,180),(204,211,'Cash',1,33.9),(205,235,'Cash',3,18.5),(206,235,'Cash',1,79.5),(207,235,'Cash',3,79.5),(208,151,'Credit Card',4,37.5),(209,235,'Cash',1,19.5),(210,211,'Cash',1,16.5),(211,95,'Credit Card',4,25.5),(212,204,'Debit Card',2,49.5),(213,204,'Debit Card',3,37.5),(214,204,'Debit Card',2,18.5),(215,150,'Debit Card',2,18.5),(216,178,'Debit Card',3,49.5),(217,178,'Debit Card',2,29.5),(218,98,'Cash',1,19.5),(219,178,'Debit Card',3,18.5),(220,61,'Cash',3,33.9),(221,29,'Credit Card',2,49.5),(222,82,'Debit Card',2,37.5),(223,174,'Credit Card',2,37.5),(224,66,'Debit Card',1,12.5),(225,96,'Debit Card',2,25.5),(226,76,'Debit Card',4,18.5),(227,298,'Debit Card',1,37.5),(228,298,'Debit Card',4,4.2),(229,62,'Debit Card',3,18.5),(230,32,'Cash',1,21),(231,292,'Credit Card',3,8.5),(232,292,'Credit Card',4,19.5),(233,155,'Debit Card',2,33.9),(234,145,'Debit Card',4,59.5),(235,127,'Credit Card',3,8.5),(236,18,'Credit Card',3,6.5),(237,217,'Debit Card',3,27.5),(238,295,'Credit Card',4,76.5),(239,286,'Debit Card',1,21),(240,217,'Debit Card',3,59.5),(241,295,'Credit Card',4,42.5),(242,217,'Debit Card',2,49.5),(243,295,'Credit Card',2,49.5),(244,286,'Debit Card',4,12.5),(245,217,'Debit Card',2,19.5),(246,286,'Debit Card',1,4.2),(247,217,'Debit Card',2,180),(248,50,'Debit Card',1,18.5),(249,171,'Credit Card',1,18.5),(250,16,'Cash',4,33.9),(251,277,'Debit Card',1,49.5),(252,116,'Cash',4,27.5),(253,144,'Cash',3,33.9),(254,226,'Debit Card',2,21),(255,12,'Cash',2,42.5),(256,254,'Credit Card',1,59.5),(257,254,'Credit Card',2,79.5),(258,41,'Credit Card',2,59.5),(259,226,'Debit Card',4,12.5),(260,254,'Credit Card',3,19.5),(261,287,'Credit Card',3,33.9),(262,153,'Cash',4,16.5),(263,287,'Credit Card',1,42.5),(264,10,'Debit Card',4,27.5),(265,201,'Debit Card',1,33.9),(266,236,'Cash',1,76.5),(267,236,'Cash',2,18.5),(268,201,'Debit Card',4,16.9),(269,236,'Cash',2,99.5),(270,201,'Debit Card',2,59.5),(271,201,'Debit Card',1,37.5),(272,201,'Debit Card',1,37.5),(273,19,'Credit Card',2,4.2),(274,122,'Debit Card',3,18.5),(275,54,'Debit Card',2,33.9),(276,188,'Debit Card',2,19.5),(277,188,'Debit Card',1,4.2),(278,152,'Debit Card',2,16.9),(279,252,'Debit Card',3,37.5),(280,294,'Credit Card',3,59.5),(281,252,'Debit Card',3,4.2),(282,209,'Debit Card',3,76.5),(283,73,'Debit Card',4,6.5),(284,209,'Debit Card',4,19.5),(285,209,'Debit Card',4,16.5),(286,175,'Credit Card',3,99.5),(287,36,'Debit Card',1,79.5),(288,119,'Credit Card',2,37.5),(289,85,'Credit Card',1,27.5),(290,81,'Credit Card',2,33.9),(291,289,'Cash',4,33.9),(292,289,'Cash',2,21),(293,101,'Debit Card',2,59.5),(294,289,'Cash',2,49.5),(295,176,'Credit Card',1,37.5),(296,289,'Cash',2,6.5),(297,276,'Cash',2,8.5),(298,289,'Cash',1,29.5),(299,289,'Cash',2,18.5),(300,105,'Cash',2,25.5),(301,182,'Debit Card',1,27.5),(302,273,'Cash',2,27.5),(303,182,'Debit Card',3,33.9),(304,170,'Credit Card',1,49.5),(305,273,'Cash',4,37.5),(306,26,'Debit Card',2,37.5),(307,182,'Debit Card',2,37.5),(308,74,'Credit Card',2,8.5),(309,273,'Cash',1,25.5),(310,139,'Debit Card',3,27.5),(311,223,'Debit Card',3,27.5),(312,149,'Credit Card',1,18.5),(313,223,'Debit Card',2,16.5),(314,191,'Credit Card',1,49.5),(315,223,'Debit Card',2,8.5),(316,191,'Credit Card',3,29.5),(317,167,'Debit Card',1,19.5),(318,191,'Credit Card',1,19.5),(319,223,'Debit Card',2,4.2),(320,191,'Credit Card',2,6.5),(321,186,'Debit Card',4,76.5),(322,198,'Debit Card',1,16.9),(323,103,'Credit Card',1,37.5),(324,186,'Debit Card',4,12.5),(325,40,'Cash',4,19.5),(326,198,'Debit Card',2,6),(327,8,'Debit Card',3,18.5),(328,123,'Credit Card',3,59.5),(329,38,'Credit Card',1,79.5),(330,72,'Credit Card',2,59.5),(331,77,'Debit Card',4,18.5),(332,232,'Debit Card',3,79.5),(333,232,'Debit Card',3,59.5),(334,180,'Debit Card',4,19.5),(335,42,'Debit Card',2,16.9),(336,2,'Credit Card',4,42.5),(337,300,'Debit Card',1,49.5),(338,51,'Credit Card',2,6.5),(339,278,'Debit Card',2,29.5),(340,278,'Debit Card',3,19.5),(341,278,'Debit Card',3,18.5),(342,63,'Debit Card',2,18.5),(343,107,'Debit Card',3,21),(344,97,'Debit Card',4,6.5),(345,117,'Debit Card',3,29.5),(346,140,'Cash',1,19.5),(347,33,'Debit Card',2,18.5),(348,200,'Credit Card',3,29.5),(349,166,'Cash',1,4.2),(350,190,'Debit Card',3,42.5),(351,190,'Debit Card',2,59.5),(352,238,'Credit Card',3,37.5),(353,238,'Credit Card',1,6.5),(354,190,'Debit Card',1,29.5),(355,238,'Credit Card',3,4.2),(356,190,'Debit Card',2,25.5),(357,21,'Credit Card',4,76.5),(358,56,'Debit Card',3,37.5),(359,75,'Cash',4,59.5),(360,271,'Debit Card',1,37.5),(361,271,'Debit Card',2,6.5),(362,271,'Debit Card',1,29.5),(363,133,'Credit Card',3,6),(364,253,'Debit Card',3,33.9),(365,137,'Cash',1,59.5),(366,100,'Credit Card',4,29.5),(367,99,'Cash',2,19.5),(368,253,'Debit Card',3,4.2),(369,253,'Debit Card',4,6),(370,196,'Debit Card',4,21),(371,59,'Cash',4,37.5),(372,196,'Debit Card',4,42.5),(373,168,'Debit Card',2,4.2),(374,88,'Cash',3,42.5),(375,71,'Debit Card',2,37.5),(376,221,'Debit Card',1,37.5),(377,221,'Debit Card',1,37.5),(378,9,'Debit Card',1,4.2),(379,222,'Cash',4,16.9),(380,270,'Credit Card',1,59.5),(381,280,'Credit Card',1,49.5),(382,270,'Credit Card',2,6.5),(383,22,'Credit Card',1,8.5),(384,270,'Credit Card',1,19.5),(385,270,'Credit Card',4,4.2),(386,222,'Cash',3,6),(387,242,'Credit Card',3,16.5),(388,160,'Cash',3,49.5),(389,242,'Credit Card',1,37.5),(390,213,'Credit Card',2,37.5),(391,248,'Debit Card',2,180),(392,242,'Credit Card',4,18.5),(393,108,'Debit Card',2,29.5),(394,206,'Debit Card',1,19.5),(395,206,'Debit Card',1,25.5),(396,25,'Credit Card',3,21),(397,69,'Credit Card',4,42.5),(398,102,'Cash',1,27.5),(399,243,'Debit Card',2,18.5),(400,214,'Debit Card',4,59.5),(401,214,'Debit Card',3,49.5),(402,243,'Debit Card',4,49.5),(403,243,'Debit Card',1,37.5),(404,299,'Debit Card',1,8.5),(405,214,'Debit Card',1,6.5),(406,243,'Debit Card',2,8.5),(407,299,'Debit Card',2,19.5),(408,154,'Credit Card',4,4.2),(409,156,'Cash',3,6.5),(410,240,'Cash',3,16.5),(411,106,'Debit Card',4,49.5),(412,14,'Credit Card',1,4.2),(413,114,'Cash',2,18.5),(414,275,'Debit Card',2,33.9),(415,89,'Cash',4,21),(416,275,'Debit Card',4,42.5),(417,275,'Debit Card',2,37.5),(418,272,'Debit Card',4,18.5),(419,234,'Debit Card',4,33.9),(420,234,'Debit Card',3,18.5),(421,142,'Cash',1,99.5),(422,234,'Debit Card',3,12.5),(423,234,'Debit Card',1,8.5),(424,79,'Debit Card',4,4.2),(425,225,'Debit Card',1,33.9),(426,143,'Cash',1,49.5),(427,249,'Debit Card',1,99.5),(428,65,'Debit Card',1,49.5),(429,225,'Debit Card',1,49.5),(430,225,'Debit Card',1,37.5),(431,249,'Debit Card',2,19.5),(432,249,'Debit Card',1,29.5),(433,246,'Debit Card',1,21),(434,246,'Debit Card',4,79.5),(435,246,'Debit Card',4,19.5),(436,58,'Debit Card',1,180),(437,30,'Debit Card',2,49.5),(438,172,'Credit Card',2,37.5),(439,239,'Credit Card',1,33.9),(440,239,'Credit Card',1,18.5),(441,284,'Credit Card',2,8.5),(442,274,'Credit Card',3,12.5),(443,239,'Credit Card',2,19.5),(444,284,'Credit Card',2,16.5),(445,284,'Credit Card',1,18.5),(446,259,'Credit Card',3,25.5),(447,218,'Debit Card',4,33.9),(448,131,'Debit Card',2,76.5),(449,136,'Debit Card',2,42.5),(450,80,'Credit Card',2,37.5),(451,259,'Credit Card',1,6.5),(452,218,'Debit Card',2,8.5),(453,218,'Debit Card',2,29.5),(454,218,'Debit Card',2,29.5),(455,207,'Debit Card',4,42.5),(456,87,'Credit Card',1,18.5),(457,4,'Credit Card',4,37.5),(458,207,'Debit Card',3,37.5),(459,207,'Debit Card',2,99.5),(460,47,'Cash',4,29.5),(461,207,'Debit Card',4,8.5),(462,132,'Cash',2,4.2),(463,91,'Cash',2,6.5),(464,241,'Cash',4,37.5),(465,241,'Cash',3,4.2),(466,241,'Cash',1,25.5),(467,203,'Debit Card',1,33.9),(468,181,'Cash',4,27.5),(469,181,'Cash',4,16.9),(470,181,'Cash',4,49.5),(471,181,'Cash',3,8.5),(472,203,'Debit Card',1,29.5),(473,130,'Credit Card',4,16.5),(474,67,'Credit Card',2,8.5),(475,43,'Debit Card',2,6.5),(476,112,'Cash',1,19.5),(477,1,'Debit Card',3,180),(478,228,'Cash',4,33.9),(479,291,'Debit Card',1,42.5),(480,228,'Cash',1,18.5),(481,262,'Debit Card',2,42.5),(482,291,'Debit Card',2,12.5),(483,228,'Cash',1,19.5),(484,262,'Debit Card',2,19.5),(485,250,'Debit Card',3,8.5),(486,250,'Debit Card',1,37.5),(487,250,'Debit Card',2,4.2),(488,262,'Debit Card',2,18.5);
/*!40000 ALTER TABLE `dim_orders` ENABLE KEYS */;
UNLOCK TABLES;

--
-- Table structure for table `dim_product`
--

DROP TABLE IF EXISTS `dim_product`;
/*!40101 SET @saved_cs_client     = @@character_set_client */;
/*!50503 SET character_set_client = utf8mb4 */;
CREATE TABLE `dim_product` (
  `Product_Key` int NOT NULL AUTO_INCREMENT,
  `product_id` int DEFAULT NULL,
  `product_category` varchar(11) DEFAULT NULL,
  `product_description` varchar(18) DEFAULT NULL,
  `Product_Unit_Price` double DEFAULT NULL,
  PRIMARY KEY (`Product_Key`)
) ENGINE=InnoDB AUTO_INCREMENT=51 DEFAULT CHARSET=utf8mb4 COLLATE=utf8mb4_0900_ai_ci;
/*!40101 SET character_set_client = @saved_cs_client */;

--
-- Dumping data for table `dim_product`
--

LOCK TABLES `dim_product` WRITE;
/*!40000 ALTER TABLE `dim_product` DISABLE KEYS */;
INSERT INTO `dim_product` VALUES (1,2,'Footwear','Men Shoes Casual',33.9),(2,3,'Bags','Duffle Bag',27.5),(3,10,'Electronics','Smart bands',16.9),(4,18,'Footwear','Kids Shoes Sports',59.5),(5,29,'Bags','Side Bag',37.5),(6,30,'Electronics','Smart bands',8.5),(7,32,'Footwear','Men Shoes Casual',8.5),(8,33,'Bags','Draw Stream Bag',12.5),(9,38,'Footwear','Women Shoes Casual',19.5),(10,42,'Footwear','Men Shoes Casual',37.5),(11,1,'Clothing','Men\'s Tshirt',25.5),(12,11,'Clothing','Women Tshirt-1',21),(13,14,'Electronics','Gym Equipment',16.5),(14,26,'Footwear','Men Shoes Sports',59.5),(15,45,'Clothing','Kids Tshirt -2',6.5),(16,4,'Electronics','Smart Watch',33.9),(17,25,'Clothing','Women Tshirt-2',49.5),(18,36,'Footwear','Socks',19.5),(19,5,'Clothing','Women Tshirt-2',33.9),(20,34,'Electronics','Smart Watch',29.5),(21,40,'Electronics','Smart Watch',16.5),(22,47,'Bags','Back pack',25.5),(23,13,'Bags','Hiking backpack',37.5),(24,9,'Bags','Back pack',18.5),(25,7,'Bags','Side Bag',42.5),(26,17,'Bags','Duffle Bag',99.5),(27,27,'Bags','Draw Stream Bag',37.5),(28,41,'Clothing','Men\'s Tshirt',29.5),(29,50,'Clothing','Mens Tracks',6),(30,21,'Clothing','Kids Tshirt',79.5),(31,48,'Footwear','Women Shoes Casual',18.5),(32,8,'Footwear','Kids Shoes Casual',18.5),(33,35,'Clothing','Men\'s Tshirt',29.5),(34,44,'Electronics','Earphones',4.2),(35,16,'Footwear','Women Shoes Sports',49.5),(36,19,'Bags','Back pack',59.5),(37,22,'Footwear','Women Shoes Sports',42.5),(38,46,'Footwear','Kids Shoes Casual',180),(39,49,'Bags','Hiking backpack',18.5),(40,39,'Bags','Hiking backpack',8.5),(41,15,'Clothing','Men\'s Tshirt -2',42.5),(42,6,'Footwear','Women Shoes Casual',76.5),(43,20,'Electronics','Earphones',79.5),(44,31,'Clothing','Women Tshirt-2',6.5),(45,23,'Bags','Hiking backpack',49.5),(46,37,'Bags','Side Bag',19.5),(47,12,'Footwear','Kids Shoes Sports',21),(48,28,'Footwear','Women Shoes Sports',37.5),(49,24,'Electronics','Gym Equipment',49.5),(50,43,'Bags','Side Bag',4.2);
/*!40000 ALTER TABLE `dim_product` ENABLE KEYS */;
UNLOCK TABLES;

--
-- Table structure for table `dim_store`
--

DROP TABLE IF EXISTS `dim_store`;
/*!40101 SET @saved_cs_client     = @@character_set_client */;
/*!50503 SET character_set_client = utf8mb4 */;
CREATE TABLE `dim_store` (
  `store_key` int NOT NULL AUTO_INCREMENT,
  `store_id` int DEFAULT NULL,
  `store_address` varchar(200) DEFAULT NULL,
  PRIMARY KEY (`store_key`)
) ENGINE=InnoDB AUTO_INCREMENT=11 DEFAULT CHARSET=utf8mb4 COLLATE=utf8mb4_0900_ai_ci;
/*!40101 SET character_set_client = @saved_cs_client */;

--
-- Dumping data for table `dim_store`
--

LOCK TABLES `dim_store` WRITE;
/*!40000 ALTER TABLE `dim_store` DISABLE KEYS */;
INSERT INTO `dim_store` VALUES (1,1,'AL'),(2,2,'AK'),(3,3,'AZ'),(4,4,'AR'),(5,5,'CA'),(6,6,'CO'),(7,7,'CT'),(8,8,'DE'),(9,9,'FL'),(10,10,'GA');
/*!40000 ALTER TABLE `dim_store` ENABLE KEYS */;
UNLOCK TABLES;

--
-- Table structure for table `sales_fact_dw`
--

DROP TABLE IF EXISTS `sales_fact_dw`;
/*!40101 SET @saved_cs_client     = @@character_set_client */;
/*!50503 SET character_set_client = utf8mb4 */;
CREATE TABLE `sales_fact_dw` (
  `Customer_key` int DEFAULT NULL,
  `date_key` int DEFAULT NULL,
  `Order_key` int DEFAULT NULL,
  `Product_Key` int DEFAULT NULL,
  `store_key` int DEFAULT NULL,
  `Quantity` int DEFAULT NULL,
  `Product_Unit_Price` decimal(22,0) DEFAULT NULL,
  `Total_Amount` double DEFAULT NULL,
  KEY `idx_Sales_Fact_DW_lookup` (`Customer_key`,`date_key`,`Order_key`,`Product_Key`,`store_key`)
) ENGINE=InnoDB DEFAULT CHARSET=utf8mb4 COLLATE=utf8mb4_0900_ai_ci;
/*!40101 SET character_set_client = @saved_cs_client */;

--
-- Dumping data for table `sales_fact_dw`
--

LOCK TABLES `sales_fact_dw` WRITE;
/*!40000 ALTER TABLE `sales_fact_dw` DISABLE KEYS */;
INSERT INTO `sales_fact_dw` VALUES (1,179,1,1,4,4,34,132),(1,340,2,2,5,4,28,108),(1,875,3,3,7,4,17,64),(1,179,1,4,4,4,60,236),(1,179,1,5,4,4,38,148),(1,875,3,6,7,4,9,32),(1,179,1,7,4,4,9,32),(1,875,3,8,7,4,13,48),(1,677,9,9,1,4,20,76),(1,1077,10,10,4,2,38,74),(2,330,11,11,7,2,26,50),(2,315,12,12,3,1,21,21),(2,367,13,12,2,1,21,21),(2,330,11,13,7,2,17,32),(2,166,15,14,4,3,60,177),(2,577,16,8,7,2,13,24),(2,822,17,15,5,4,7,24),(3,929,18,2,3,2,28,54),(3,607,19,13,9,3,17,48),(3,848,20,9,7,1,20,19),(4,607,21,16,2,1,34,33),(4,607,21,17,2,1,50,49),(4,607,21,18,2,1,20,19),(4,607,21,9,2,1,20,19),(5,529,25,2,7,3,28,81),(5,444,26,19,10,3,34,99),(5,437,27,6,10,3,9,24),(5,316,28,20,9,2,30,58),(6,469,29,4,4,4,60,236),(6,82,30,20,3,3,30,87),(6,877,31,21,7,2,17,32),(6,629,32,22,9,4,26,100),(7,640,33,23,4,1,38,37),(7,749,34,20,6,2,30,58),(7,640,33,15,4,1,7,6),(8,633,36,11,6,1,26,25),(8,633,36,24,6,1,19,18),(8,993,38,10,8,3,38,111),(9,768,39,2,9,2,28,54),(9,642,40,25,1,4,43,168),(9,768,39,26,9,2,100,198),(9,135,42,17,9,2,50,98),(9,768,39,27,9,2,38,74),(9,642,40,5,1,4,38,148),(9,642,40,28,1,4,30,116),(9,768,39,28,9,2,30,58),(9,642,40,29,1,4,6,24),(10,596,48,13,10,3,17,48),(10,485,49,30,10,1,80,79),(10,596,48,31,10,3,19,54),(11,416,51,2,2,2,28,54),(11,275,52,32,1,2,19,36),(11,416,51,33,2,2,30,58),(11,416,51,34,2,2,4,8),(12,665,55,1,10,4,34,132),(12,665,55,35,10,4,50,196),(12,603,57,27,4,2,38,74),(12,103,58,6,3,3,9,24),(12,665,55,21,10,4,17,64),(12,665,55,15,10,4,7,24),(13,1065,61,24,4,1,19,18),(13,169,62,4,6,4,60,236),(13,493,63,36,5,4,60,236),(13,493,63,37,5,4,43,168),(13,169,62,28,6,4,30,116),(13,169,62,38,6,4,180,720),(14,215,67,2,4,4,28,108),(14,718,68,25,6,1,43,42),(14,215,67,30,4,4,80,316),(14,889,70,8,2,3,13,36),(14,215,67,39,4,4,19,72),(15,43,72,34,8,3,4,12),(16,728,73,24,3,2,19,36),(16,728,73,40,3,2,9,16),(17,532,75,16,2,1,34,33),(17,532,75,41,2,1,43,42),(17,226,77,37,6,2,43,84),(17,72,78,15,3,1,7,6),(17,986,79,39,6,1,19,18),(18,525,80,2,9,1,28,27),(18,701,81,42,6,2,77,152),(18,701,81,12,6,2,21,42),(18,726,83,43,10,3,80,237),(18,525,80,8,9,1,13,12),(18,525,80,33,9,1,30,29),(18,701,81,9,6,2,20,38),(19,329,87,36,10,1,60,59),(19,232,88,37,4,2,43,84),(19,329,87,8,10,1,13,12),(19,424,90,10,9,1,38,37),(20,188,91,19,3,1,34,33),(20,188,91,32,3,1,19,18),(20,299,93,23,3,1,38,37),(20,129,94,35,8,3,50,147),(20,194,95,35,5,3,50,147),(20,327,96,35,8,1,50,49),(20,194,95,4,5,3,60,177),(20,188,91,17,3,1,50,49),(21,333,99,24,6,2,19,36),(21,1012,100,9,8,4,20,76),(22,453,101,19,1,3,34,99),(22,173,102,42,8,1,77,76),(22,453,101,37,1,3,43,126),(22,453,101,14,1,3,60,177),(22,713,105,5,5,4,38,148),(22,845,106,6,7,4,9,32),(22,359,107,44,5,3,7,18),(22,453,101,33,1,3,30,87),(23,313,109,1,5,3,34,99),(23,222,110,43,8,1,80,79),(23,532,111,15,3,4,7,24),(24,734,112,19,7,2,34,66),(24,734,112,25,7,2,43,84),(24,734,112,12,7,2,21,42),(24,21,115,41,9,2,43,84),(24,461,116,37,3,4,43,168),(24,734,112,45,7,2,50,98),(24,734,112,14,7,2,60,118),(24,734,112,6,7,2,9,16),(24,21,115,46,9,2,20,38),(24,21,115,40,9,2,9,16),(24,734,112,34,7,2,4,8),(24,21,115,22,9,2,26,50),(25,421,124,16,1,3,34,99),(25,836,125,24,8,4,19,72),(25,990,126,47,5,3,21,63),(25,233,127,27,5,2,38,74),(26,839,128,16,9,1,34,33),(26,945,129,42,1,1,77,76),(26,778,130,42,1,2,77,152),(26,778,130,3,1,2,17,32),(26,945,129,12,1,1,21,21),(26,222,133,17,3,3,50,147),(26,778,130,5,1,2,38,74),(26,778,130,10,1,2,38,74),(27,521,136,12,3,1,21,21),(27,521,136,35,3,1,50,49),(27,895,138,6,9,2,9,16),(27,590,139,46,7,3,20,57),(27,521,136,28,3,1,30,29),(27,1030,141,38,6,4,180,720),(27,959,142,22,7,3,26,75),(28,1082,143,19,4,4,34,132),(28,627,144,43,3,3,80,237),(28,90,145,27,3,2,38,74),(28,952,146,6,6,4,9,32),(28,952,146,18,6,4,20,76),(28,90,145,10,3,2,38,74),(28,627,144,15,3,3,7,18),(29,539,150,25,3,2,43,84),(29,242,151,46,8,4,20,76),(29,73,152,40,10,2,9,16),(30,91,153,2,1,4,28,108),(30,806,154,12,4,4,21,84),(30,379,155,13,8,3,17,48),(30,806,154,35,4,4,50,196),(30,806,154,5,4,4,38,148),(30,1072,158,18,7,2,20,38),(30,515,159,10,2,4,38,148),(30,91,153,34,1,4,4,16),(30,91,153,39,1,4,19,72),(31,466,162,11,10,4,26,100),(31,212,163,2,3,2,28,54),(31,14,164,12,9,1,21,21),(31,14,164,43,9,1,80,79),(31,882,166,30,8,4,80,316),(31,229,167,30,8,3,80,237),(31,789,168,14,8,2,60,118),(31,633,169,5,10,2,38,74),(32,587,170,4,3,1,60,59),(32,965,171,43,8,4,80,316),(32,997,172,45,6,2,50,98),(32,587,170,48,3,1,38,37),(32,796,174,15,5,2,7,12),(32,587,170,31,3,1,19,18),(33,258,176,49,5,2,50,98),(34,846,177,32,2,4,19,72),(34,1014,178,12,3,3,21,63),(34,846,177,37,2,4,43,168),(34,846,177,5,2,4,38,148),(34,846,177,38,2,4,180,720),(34,409,182,39,4,3,19,54),(35,321,183,24,6,4,19,72),(35,902,184,12,4,3,21,63),(35,902,184,47,4,3,21,63),(35,902,184,23,4,3,38,111),(35,934,187,26,5,4,100,396),(35,902,184,5,4,3,38,111),(35,902,184,9,4,3,20,57),(35,363,190,50,2,4,4,16),(35,216,191,29,2,1,6,6),(36,113,192,16,3,1,34,33),(36,1028,193,19,4,4,34,132),(36,113,192,30,3,1,80,79),(36,947,195,20,7,4,30,116),(36,617,196,34,10,1,4,4),(37,9,197,27,6,1,38,37),(38,237,198,36,8,3,60,177),(38,732,199,45,4,4,50,196),(38,336,200,14,10,1,60,59),(38,336,200,28,10,1,30,29),(38,336,200,15,10,1,7,6),(38,336,200,38,10,1,180,180),(39,830,204,16,10,1,34,33),(39,299,205,32,8,3,19,54),(39,299,205,43,8,3,80,237),(39,299,205,30,8,3,80,237),(39,687,208,48,4,4,38,148),(39,299,205,18,8,3,20,57),(39,830,204,21,10,1,17,16),(39,516,211,22,1,4,26,100),(40,1028,212,17,2,2,50,98),(40,1028,212,5,2,2,38,74),(40,1028,212,39,2,2,19,36),(41,757,215,24,5,2,19,36),(41,478,216,49,6,3,50,147),(41,478,216,33,6,3,30,87),(41,407,218,46,5,1,20,19),(41,478,216,39,6,3,19,54),(42,256,220,19,5,3,34,99),(42,77,221,35,4,2,50,98),(42,683,222,5,1,2,38,74),(43,426,223,48,2,2,38,74),(43,292,224,8,10,1,13,12),(43,120,225,22,6,2,26,50),(43,668,226,39,6,4,19,72),(44,836,227,48,10,1,38,37),(44,836,227,34,10,1,4,4),(45,415,229,24,8,3,19,54),(45,170,230,47,5,1,21,21),(45,24,231,7,4,3,9,24),(45,24,231,9,4,3,20,57),(46,610,233,1,3,2,34,66),(46,209,234,36,7,4,60,236),(46,851,235,6,3,3,9,24),(46,436,236,15,1,3,7,18),(47,1012,237,2,9,3,28,81),(47,892,238,42,7,4,77,304),(47,176,239,47,2,1,21,21),(47,1012,237,36,9,3,60,177),(47,892,238,37,7,4,43,168),(47,1012,237,45,9,3,50,147),(47,892,238,45,7,4,50,196),(47,176,239,8,2,1,13,12),(47,1012,237,18,9,3,20,57),(47,176,239,34,2,1,4,4),(47,1012,237,38,9,3,180,540),(47,323,248,39,3,1,19,18),(47,193,249,39,3,1,19,18),(48,406,250,16,6,4,34,132),(48,563,251,45,9,1,50,49),(49,476,252,2,2,4,28,108),(49,444,253,16,7,3,34,99),(49,594,254,47,10,2,21,42),(49,807,255,41,4,2,43,84),(49,593,256,36,9,1,60,59),(49,593,256,43,9,1,80,79),(49,886,258,14,3,2,60,118),(49,594,254,8,10,2,13,24),(49,593,256,46,9,1,20,19),(50,338,261,19,3,3,34,99),(50,400,262,13,9,4,17,64),(50,338,261,41,3,3,43,126),(51,692,264,2,1,4,28,108),(51,431,265,16,5,1,34,33),(51,189,266,42,2,1,77,76),(51,189,266,24,2,1,19,18),(51,431,265,3,5,1,17,16),(51,189,266,26,2,1,100,99),(51,431,265,14,5,1,60,59),(51,431,265,27,5,1,38,37),(51,431,265,48,5,1,38,37),(52,577,273,50,1,2,4,8),(52,1003,274,31,10,3,19,54),(53,882,275,19,1,2,34,66),(53,665,276,9,4,2,20,38),(53,665,276,50,4,2,4,8),(54,315,278,3,3,2,17,32),(54,1048,279,23,3,3,38,111),(54,557,280,36,3,3,60,177),(54,1048,279,34,3,3,4,12),(55,1051,282,42,7,3,77,228),(55,283,283,44,2,4,7,24),(55,1051,282,9,7,3,20,57),(55,1051,282,21,7,3,17,48),(56,738,286,26,7,3,100,297),(56,296,287,43,1,1,80,79),(56,860,288,27,3,2,38,74),(57,104,289,2,10,1,28,27),(57,1078,290,16,7,2,34,66),(57,837,291,19,7,4,34,132),(57,837,291,47,7,4,21,84),(57,568,293,36,3,2,60,118),(57,837,291,17,7,4,50,196),(57,1003,295,48,2,1,38,37),(57,837,291,44,7,4,7,24),(57,761,297,7,2,2,9,16),(57,837,291,20,7,4,30,116),(57,837,291,39,7,4,19,72),(58,836,300,11,2,2,26,50),(59,539,301,2,7,1,28,27),(59,959,302,2,7,2,28,54),(59,539,301,16,7,1,34,33),(59,996,304,17,5,1,50,49),(59,959,302,27,7,2,38,74),(59,455,306,48,5,2,38,74),(59,539,301,48,7,1,38,37),(59,511,308,6,5,2,9,16),(59,959,302,22,7,2,26,50),(60,250,310,2,1,3,28,81),(60,376,311,2,2,3,28,81),(60,933,312,24,9,1,19,18),(60,376,311,13,2,3,17,48),(60,627,314,45,7,1,50,49),(60,376,311,7,2,3,9,24),(60,627,314,33,7,1,30,29),(60,722,317,18,7,1,20,19),(60,627,314,18,7,1,20,19),(60,376,311,50,2,3,4,12),(60,627,314,15,7,1,7,6),(61,292,321,42,4,4,77,304),(61,373,322,3,4,1,17,16),(61,614,323,23,10,1,38,37),(61,292,321,8,4,4,13,48),(61,909,325,46,9,4,20,76),(61,373,322,29,4,1,6,6),(62,734,327,32,2,3,19,54),(62,738,328,4,10,3,60,177),(62,998,329,30,7,1,80,79),(62,370,330,14,8,2,60,118),(63,357,331,24,5,4,19,72),(63,204,332,30,4,3,80,237),(63,204,332,14,4,3,60,177),(64,631,334,46,7,4,20,76),(65,567,335,3,7,2,17,32),(65,763,336,41,10,4,43,168),(65,461,337,45,7,1,50,49),(65,203,338,44,1,2,7,12),(65,226,339,20,1,2,30,58),(65,226,339,18,1,2,20,38),(65,226,339,31,1,2,19,36),(65,835,342,39,2,2,19,36),(66,529,343,12,1,3,21,63),(66,693,344,44,7,4,7,24),(66,551,345,33,8,3,30,87),(66,56,346,18,4,1,20,19),(67,815,347,32,10,2,19,36),(67,404,348,33,4,3,30,87),(67,1064,349,50,3,1,4,4),(68,745,350,25,3,3,43,126),(68,745,350,36,3,3,60,177),(68,821,352,27,5,3,38,111),(68,821,352,44,5,3,7,18),(68,745,350,28,3,3,30,87),(68,821,352,34,5,3,4,12),(68,745,350,22,3,3,26,75),(69,81,357,42,9,4,77,304),(69,483,358,23,8,3,38,111),(69,613,359,4,3,4,60,236),(69,598,360,5,9,1,38,37),(69,598,360,44,9,1,7,6),(69,598,360,33,9,1,30,29),(69,225,363,29,10,3,6,18),(70,67,364,1,2,3,34,99),(70,488,365,4,9,1,60,59),(70,672,366,20,9,4,30,116),(70,1059,367,9,8,2,20,38),(70,67,364,34,2,3,4,12),(70,67,364,29,2,3,6,18),(71,545,370,12,10,4,21,84),(71,881,371,23,1,4,38,148),(71,545,370,41,10,4,43,168),(72,683,373,34,1,2,4,8),(73,92,374,25,8,3,43,126),(73,589,375,27,1,2,38,74),(74,960,376,27,8,1,38,37),(74,960,376,48,8,1,38,37),(74,816,378,50,9,1,4,4),(75,815,379,3,8,4,17,64),(75,437,380,4,7,1,60,59),(75,13,381,49,3,1,50,49),(75,437,380,44,7,1,7,6),(75,32,383,7,6,1,9,8),(75,437,380,46,7,1,20,19),(75,437,380,50,7,1,4,4),(75,815,379,29,8,4,6,24),(76,682,387,13,8,3,17,48),(76,600,388,17,8,3,50,147),(76,682,387,48,8,3,38,111),(76,255,390,5,2,2,38,74),(76,409,391,38,3,2,180,360),(76,682,387,39,8,3,19,54),(77,85,393,33,2,2,30,58),(77,884,394,46,9,1,20,19),(77,884,394,22,9,1,26,25),(78,829,396,47,7,3,21,63),(78,1007,397,37,5,4,43,168),(79,749,398,2,6,1,28,27),(79,4,399,32,3,2,19,36),(79,754,400,36,9,4,60,236),(79,754,400,45,9,4,50,196),(79,4,399,49,3,2,50,98),(79,4,399,5,3,2,38,74),(79,270,404,6,5,1,9,8),(79,754,400,44,9,4,7,24),(79,4,399,7,3,2,9,16),(79,270,404,46,5,1,20,19),(79,301,408,34,1,4,4,16),(79,961,409,15,7,3,7,18),(80,975,410,13,9,3,17,48),(80,653,411,45,7,4,50,196),(80,890,412,50,7,1,4,4),(80,939,413,39,5,2,19,36),(81,1000,414,19,4,2,34,66),(81,1015,415,12,3,4,21,84),(81,1000,414,41,4,2,43,84),(81,1000,414,5,4,2,38,74),(81,347,418,39,8,4,19,72),(82,199,419,19,4,4,34,132),(82,199,419,32,4,4,19,72),(82,630,421,26,4,1,100,99),(82,199,419,8,4,4,13,48),(82,199,419,40,4,4,9,32),(82,79,424,50,8,4,4,16),(83,934,425,16,9,1,34,33),(83,135,426,35,3,1,50,49),(83,794,427,26,4,1,100,99),(83,735,428,45,5,1,50,49),(83,934,425,17,9,1,50,49),(83,934,425,48,9,1,38,37),(83,794,427,9,4,1,20,19),(83,794,427,28,4,1,30,29),(84,954,433,47,8,1,21,21),(84,954,433,43,8,1,80,79),(84,954,433,9,8,1,20,19),(84,210,436,38,3,1,180,180),(85,798,437,49,8,2,50,98),(85,1011,438,48,7,2,38,74),(86,23,439,19,4,1,34,33),(86,23,439,24,4,1,19,18),(86,976,441,7,4,2,9,16),(86,535,442,8,9,3,13,36),(86,23,439,9,4,1,20,19),(86,976,441,21,4,2,17,32),(86,976,441,39,4,2,19,36),(87,760,446,11,9,3,26,75),(87,937,447,1,5,4,34,132),(87,211,448,42,3,2,77,152),(87,949,449,37,4,2,43,84),(87,319,450,48,1,2,38,74),(87,760,446,44,9,3,7,18),(87,937,447,7,5,4,9,32),(87,937,447,33,5,4,30,116),(87,937,447,28,5,4,30,116),(88,1087,455,25,10,4,43,168),(88,57,456,32,6,1,19,18),(88,715,457,23,4,4,38,148),(88,1087,455,23,10,4,38,148),(88,1087,455,26,10,4,100,396),(88,898,460,33,8,4,30,116),(88,1087,455,40,10,4,9,32),(88,731,462,34,3,2,4,8),(88,660,463,15,9,2,7,12),(89,291,464,48,1,4,38,148),(89,291,464,34,1,4,4,16),(89,291,464,22,1,4,26,100),(90,537,467,1,6,1,34,33),(90,947,468,2,2,4,28,108),(90,947,468,3,2,4,17,64),(90,947,468,49,2,4,50,196),(90,947,468,7,2,4,9,32),(90,537,467,33,6,1,30,29),(90,419,473,21,10,4,17,64),(91,403,474,6,8,2,9,16),(91,91,475,15,1,2,7,12),(92,697,476,46,4,1,20,19),(92,614,477,38,8,3,180,540),(93,283,478,1,9,4,34,132),(93,304,479,25,2,1,43,42),(93,283,478,32,9,4,19,72),(93,541,481,37,3,2,43,84),(93,304,479,8,2,1,13,12),(93,283,478,46,9,4,20,76),(93,541,481,9,3,2,20,38),(93,805,485,40,7,3,9,24),(93,805,485,10,7,3,38,111),(93,805,485,34,7,3,4,12),(93,541,481,31,3,2,19,36);
/*!40000 ALTER TABLE `sales_fact_dw` ENABLE KEYS */;
UNLOCK TABLES;
/*!40103 SET TIME_ZONE=@OLD_TIME_ZONE */;

/*!40101 SET SQL_MODE=@OLD_SQL_MODE */;
/*!40014 SET FOREIGN_KEY_CHECKS=@OLD_FOREIGN_KEY_CHECKS */;
/*!40014 SET UNIQUE_CHECKS=@OLD_UNIQUE_CHECKS */;
/*!40101 SET CHARACTER_SET_CLIENT=@OLD_CHARACTER_SET_CLIENT */;
/*!40101 SET CHARACTER_SET_RESULTS=@OLD_CHARACTER_SET_RESULTS */;
/*!40101 SET COLLATION_CONNECTION=@OLD_COLLATION_CONNECTION */;
/*!40111 SET SQL_NOTES=@OLD_SQL_NOTES */;

-- Dump completed on 2020-11-21 15:13:37
